21488452,24149 Meadow Falls Dr,Diamond Bar,CA,91765,487000,4,2,1640,1962,579941,6,6,9
21658721,565 Charmingdale Rd,Diamond Bar,CA,91765,480000,3,2,1529,1964,564149,6,6,9
21672711,2350 S Diamond Bar Blvd UNIT B,Diamond Bar,CA,91765,321000,2,2,970,1980,323927,10,9,9
21487871,581 Pinto Mesa Dr,Diamond Bar,CA,91765,665000,4,3,2056,1967,658728,6,6,9
21484452,3508 S Spring Meadow Ct,Diamond Bar,CA,91765,1120000,5,4,3228,1998,1179416,9,9,9
21674206,21266 Running Branch Rd,Diamond Bar,CA,91765,960000,4,3,2697,1979,906363,9,9,9
21672511,2137 Dublin Ln # 1,Diamond Bar,CA,91765,578000,4,3,2104,1989,608653,10,9,9
21661376,1451 Meadow Glen Rd,Diamond Bar,CA,91765,640000,4,2,1704,1977,726793,10,9,9
21676154,23020 Dry Creek Rd,Diamond Bar,CA,91765,427000,3,2,1274,1962,464576,5,6,6
21673724,21523 Ambushers St,Diamond Bar,CA,91765,899900,4,3,2712,1978,892373,10,9,9
21492280,21402 Broken Arrow Dr,Diamond Bar,CA,91765,600000,4,2,1260,1976,600561,10,9,9
21488359,23812 Palomino Dr,Diamond Bar,CA,91765,530000,4,3,2104,1961,680765,6,6,7
21493387,1621 S Diamond Bar Blvd # 49,Diamond Bar,CA,91765,462000,3,2.5,1413,1985,450580,10,9,9
21662090,23897 Minnequa Dr,Diamond Bar,CA,91765,555000,4,2,1503,1966,520599,7,6,6
21492828,1711 Kiowa Crest Dr,Diamond Bar,CA,91765,550000,3,2,1738,1971,647067,10,9,9
21488836,24467 Deepsprings Dr,Diamond Bar,CA,91765,549000,3,2,1379,1988,536406,9,6,6
21674753,23435 Gold Rush Dr,Diamond Bar,CA,91765,648000,4,3,1881,1974,632972,5,6,6
21675472,22898 Hilton Head Dr UNIT 328,Diamond Bar,CA,91765,264000,2,1,851,1986,259425,5,6,6
21489244,23673 Palomino Dr,Diamond Bar,CA,91765,495000,4,2,1640,1961,538617,6,6,7
21487826,315 Fern Pl,Diamond Bar,CA,91765,520000,3,2,1339,1985,536684,6,6,9
21676108,23013 Mink Dr,Diamond Bar,CA,91765,480000,3,2,1687,1973,541307,5,6,6
21489404,21519 Lost River Dr,Diamond Bar,CA,91765,513000,4,2,1315,1963,571003,10,9,9
21661896,23824 Twin Pines Ln,Diamond Bar,CA,91765,485000,3,2,1272,1964,481736,7,6,6
21489708,21205 Cold Spring Ln,Diamond Bar,CA,91765,526000,3,2,1335,1964,592539,10,9,9
21665434,23533 Sunset Crossing Rd,Diamond Bar,CA,91765,450000,3,2,1272,1964,471635,7,6,6
21660689,1316 S Diamond Bar Blvd UNIT D,Diamond Bar,CA,91765,307000,2,1,820,1973,304534,10,9,9
21675995,22823 Dry Creek Rd,Pomona,CA,91765,540000,5,3,1841,1962,551224,5,6,6
21674720,374 S Prospectors Rd UNIT 127,Diamond Bar,CA,91765,215000,1,2,826,1979,198010,5,6,6
21658836,1439 Stonecrest Pl,Diamond Bar,CA,91765,891000,4,3,2155,1985,800781,10,9,6
21673413,2665 Clear Creek Ln,Diamond Bar,CA,91765,1350000,5,4,4610,1980,2211515,10,9,9
21489353,2241 Evergreen Springs Dr,Diamond Bar,CA,91765,545000,4,2,1315,1963,566629,10,9,9
21662914,940 Golden Springs Dr UNIT A,Diamond Bar,CA,91765,220000,3,3,1438,1983,368336,7,6,6
21659033,1307 Longview Dr,Diamond Bar,CA,91765,768000,4,2.5,1900,1985,721243,10,9,6
21676212,130 Gunsmoke Dr,Diamond Bar,CA,91765,474500,4,2,1386,1969,472810,5,6,6
21674677,356 S Prospectors Rd UNIT 84,Diamond Bar,CA,91765,198000,2,1,884,1979,303917,5,6,6
21661884,319 El Encino Dr,Diamond Bar,CA,91765,599000,4,1.5,1916,1965,574652,7,6,6
21661833,23931 Decorah Rd,Diamond Bar,CA,91765,515000,4,2,1859,1965,594298,7,6,6
21675813,22932 Rio Lobos Rd,Diamond Bar,CA,91765,800000,4,3,2089,1986,718936,10,9,10
21664288,24320 Sylvan Glen Rd UNIT B,Diamond Bar,CA,91765,379000,3,2.5,1400,1988,507452,7,6,6
21673396,23627 Falcons View Dr,Diamond Bar,CA,91765,2150000,6,5,5520,1984,2680552,10,9,9
21673237,2125 Rocky View Rd,Diamond Bar,CA,91765,1510000,5,3,3528,1977,1771845,10,9,9
21660345,908 Leyland Dr,Diamond Bar,CA,91765,780000,4,3,2464,1988,811265,9,6,6
21673481,24042 Falcons View Dr,Diamond Bar,CA,91765,1850000,5,3,3738,1972,1755485,10,9,9
21660306,1108 Pebblewood Dr,Diamond Bar,CA,91765,816000,4,3,2044,1986,849432,9,9,6
21663676,1140 Golden Springs Dr UNIT C,Diamond Bar,CA,91765,335000,2,3,1215,1983,326941,9,6,6
21672991,2920 Malaga Cir UNIT A,Diamond Bar,CA,91765,580000,4,3,2010,1987,593703,10,9,9
21675728,22901 True Grit Pl,Diamond Bar,CA,91765,695500,4,3,2078,1986,710357,10,9,9
21674887,772 Farben Dr,Diamond Bar,CA,91765,570000,5,2.5,2324,1973,643440,5,6,6
21664204,24214 Sylvan Glen Rd UNIT B,Diamond Bar,CA,91765,395000,3,2,1395,1988,400627,7,6,6
21675164,22801 Hilton Head Dr UNIT 19,Diamond Bar,CA,91765,203000,1,1,655,1981,200540,5,6,6
21661756,23810 Cholame Dr,Diamond Bar,CA,91765,529000,3,2,1412,1966,527204,7,6,6
21493479,23078 Aspen Knoll Dr,Diamond Bar,CA,91765,799000,5,1,2447,1972,798853,10,9,9
21658906,1006 Quiet Creek Ln,Diamond Bar,CA,91765,370000,3,2,1103,1973,361277,10,9,6
21674014,20903 Ambushers St,Diamond Bar,CA,91765,555000,4,2,1662,1964,572365,9,9,9
21673662,2819 Crystal Ridge Rd,Diamond Bar,CA,91765,6680000,7,7,10495,2002,6294582,10,9,9
21674331,3639 Hawkwood Rd,Diamond Bar,CA,91765,875000,4,3,2558,1981,859449,9,9,9
21484454,3503 S Spring Meadow Ct,Diamond Bar,CA,91765,1085000,5,4,3228,1998,1127391,9,9,9
21661280,1582 High Bluff Dr,Diamond Bar,CA,91765,679000,3,3,1772,1977,687185,10,9,9
21673286,23600 Ridge Line Rd,Diamond Bar,CA,91765,1530000,4,3,3406,1979,1576866,10,9,9
21487923,24139 Afamado Ln,Diamond Bar,CA,91765,555000,5,3,1843,1965,598193,6,6,9
21659956,1125 Longview Dr,Diamond Bar,CA,91765,858000,4,3,2366,1986,836912,9,9,6
21674757,565 S Diamond Bar Blvd,Diamond Bar,CA,91765,585000,5,3.5,2306,1974,646684,5,6,6
21488342,365 Carpio Dr,Diamond Bar,CA,91765,595000,4,3,1923,1996,643015,6,6,9
21659921,1156 Crestbrook Ct,Diamond Bar,CA,91765,850000,5,3,2535,1987,881122,9,9,6
21660910,1409 Winterwood Ln,Diamond Bar,CA,91765,755000,4,2.5,2252,1974,815527,10,9,10
21659988,1103 Bramford Ct,Diamond Bar,CA,91765,1150000,3,2.5,2411,1986,1066549,9,9,6
21489110,635 Boxcove Pl,Diamond Bar,CA,91765,950000,5,3,3173,1989,907122,9,6,6
21658942,23523 Twin Spring Ln,Diamond Bar,CA,91765,373000,3,2,1103,1974,353146,10,9,6
21660919,1340 Winterwood Ln,Diamond Bar,CA,91765,718100,4,3,1864,1974,700513,10,9,9
21489713,2818 Castle Rock Rd,Diamond Bar,CA,91765,565000,3,2,1300,1962,610311,10,9,9
21494879,22942 Estoril Dr UNIT 4,Diamond Bar,CA,91765,500000,3,3,1685,1987,542205,10,9,9
21662825,510 Golden Springs Dr UNIT B,Diamond Bar,CA,91765,360000,3,3,1438,1982,372654,7,6,6
21673856,3346 Falcon Ridge Rd,Diamond Bar,CA,91765,890000,3,3,2796,1978,1005653,10,9,9
21660996,23631 Country View Dr,Diamond Bar,CA,91765,750000,4,3,2252,1975,815490,10,9,9
21493122,1729 Fern Hollow Dr,Diamond Bar,CA,91765,580000,3,2,1260,1977,605234,10,9,9
21493354,1535 S Diamond Bar Blvd,Diamond Bar,CA,91765,472000,3,3.5,1481,1981,656195,10,9,9
21673280,23728 Ridge Line Rd,Diamond Bar,CA,91765,1650000,4,3,3827,1977,1710528,10,9,9
21665534,23941 Sapphire Canyon Rd,Diamond Bar,CA,91765,550000,4,2,1888,1968,545208,7,6,6
21492419,21525 Pathfinder Rd,Diamond Bar,CA,91765,550000,4,2,1712,1963,619813,10,9,9
21675954,653 Big Falls Dr,Diamond Bar,CA,91765,505000,4,2,1610,1964,513204,5,6,6
21494592,22900 Colombard Ln UNIT 2,Diamond Bar,CA,91765,488000,2,3,1468,1988,532835,10,9,9
21493873,22552 Lark Spring Ter,Diamond Bar,CA,91765,750000,4,3,2221,1967,765357,10,9,9
21494612,1205 Porto Grande UNIT 2,Diamond Bar,CA,91765,488000,3,3,1485,1983,478697,10,9,9
21661326,23302 Quail Summit Dr,Diamond Bar,CA,91765,742000,4,3,2252,1975,793903,10,9,9
21675527,22729 Lakeway Dr UNIT 384,Diamond Bar,CA,91765,260000,2,2,788,1986,278633,5,6,6
21488771,537 Armitos Pl,Diamond Bar,CA,91765,545000,3,2,1450,1987,546617,9,6,6
21494565,22908 Colombard Ln UNIT 4,Diamond Bar,CA,91765,480000,3,3,1468,1988,476722,10,9,9
21660329,902 Sunnyhill Pl,Diamond Bar,CA,91765,669091,5,3,2355,1988,801644,9,6,6
21658696,491 Charmingdale Rd,Diamond Bar,CA,91765,530000,4,3,1657,1964,562710,6,6,9
21674713,388 S Prospectors Rd UNIT 120,Diamond Bar,CA,91765,175000,1,1,884,1979,206003,5,6,6
21660018,24332 Brookwood Dr,Diamond Bar,CA,91765,825000,4,3,2155,1986,790923,9,9,6
55198554,621 Crestview Dr,Diamond Bar,CA,91765,1300000,3,4,3297,2001,1178092,9,6,6
82870208,933 Terrace Ln W UNIT 6,Diamond Bar,CA,91765,648000,2,3,1619,2008,696262,10,9,9
21488786,24423 Rockbury Dr,Diamond Bar,CA,91765,560000,3,2,1433,1987,541498,9,6,6
21492945,1771 Morning Canyon Rd,Diamond Bar,CA,91765,680000,4,3,2050,1978,783989,10,9,9
2102787452,597 Fairview Ave,Arcadia,CA,91007,495000,2,2,1388,1964,569495,9,10,9
50877611,719 Fairview Ave # A,Arcadia,CA,91007,958000,3,3,2072,1999,901981,10,10,9
20895291,240 W Lemon Ave,Arcadia,CA,91007,2000000,3,3,2531,1940,2187623,10,10,9
20729666,1161 W Duarte Rd UNIT 9,Arcadia,CA,91007,415000,1,2,1304,1972,490430,10,9,10
20896174,86 W Longden Ave,Arcadia,CA,91007,4650000,6,6.5,8525,2014,5567471,10,10,9
20889526,843 Murietta Dr,Arcadia,CA,91007,800000,3,2,1872,1939,1634446,10,10,9
20890353,601 Cortez Rd,Arcadia,CA,91007,1598000,3,2,2398,1949,1596419,10,10,9
20731926,1231 S Golden West Ave UNIT 18,Arcadia,CA,91007,483000,2,2.5,1200,1974,484003,9,10,10
20729682,1161 W Duarte Rd UNIT 25,Arcadia,CA,91007,480000,3,2,1313,1972,667411,10,9,10
20732698,720 Callita St,Arcadia,CA,91007,780000,3,2,1366,1954,712512,9,10,10
20888635,441 Cambridge Dr,Arcadia,CA,91007,3280000,2,2,1992,1952,1531345,10,10,9
20894595,350 W Le Roy Ave,Arcadia,CA,91007,5051000,6,7.5,9025,2014,5596932,9,10,9
20732780,749 W Camino Real Ave UNIT E,Arcadia,CA,91007,518000,3,3,1478,1989,530010,9,10,10
20889578,614 N Old Ranch Rd,Arcadia,CA,91007,1710000,4,2,3250,1951,2283844,10,10,9
20890656,573 Fairview Ave,Arcadia,CA,91007,599000,3,3,1842,1964,669986,9,10,9
20889872,530 Drake Rd,Arcadia,CA,91007,1075000,2,2,1398,1940,1080958,10,10,9
20890809,447 W Duarte Rd UNIT 1,Arcadia,CA,91007,500000,3,3,1404,1973,500693,9,10,9
20732256,9632 E Lemon Ave,Arcadia,CA,91007,1300000,2,2,1626,1939,917618,9,10,10
20894255,731 Fairview Ave APT 8,Arcadia,CA,91007,530000,2,2,1286,1976,495662,10,10,9
20890003,861 Balboa Dr,Arcadia,CA,91007,1160000,3,1.5,1487,1940,998521,10,10,9
20896445,55 W Arthur Ave,Arcadia,CA,91007,1095000,4,2.5,1900,1962,1369442,10,10,9
20895366,348 W Las Flores Ave,Arcadia,CA,91007,2758000,3,3,2440,1942,2343973,10,10,9
20895165,610 Estrella Ave,Arcadia,CA,91007,1750000,4,3,3357,1983,2208465,10,10,9
20893978,844 Sunset Blvd,Arcadia,CA,91007,620000,2,1,997,1947,565139,10,10,9
20893978,844 Sunset Blvd,Arcadia,CA,91007,620000,2,1,997,1947,565139,10,10,9
20888783,305 Santa Cruz Rd,Arcadia,CA,91007,2000000,5,4,3813,1998,1999619,9,10,9
20732597,6522 N Golden West Ave,Arcadia,CA,91007,650000,2,1,834,1951,618834,9,10,10
20889110,1100 Monte Verde Dr,Arcadia,CA,91007,2858000,4,5,4272,2015,2207727,10,10,9
20890211,881 W Huntington Dr APT A,Arcadia,CA,91007,550000,3,2.5,1707,1981,621342,10,10,9
20895836,320 W Palm Dr,Arcadia,CA,91007,2250000,5,3,3243,1949,2331712,10,10,9
20895452,2119 Holly Ave,Arcadia,CA,91007,1188000,2,2,1509,1938,1148296,10,10,9
20888572,476 Cambridge Dr,Arcadia,CA,91007,1400000,3,1.75,2207,1950,1417961,10,10,9
20732663,6628 N Golden West Ave,Arcadia,CA,91007,520000,3,1,1071,1908,621103,9,10,10
20890942,436 Fairview Ave APT 6,Arcadia,CA,91007,505000,2,2,1310,1974,501216,9,10,9
20732257,9606 E Lemon Ave,Arcadia,CA,91007,650000,2,1,1474,1951,754630,9,10,10
20888607,245 Renoak Way,Arcadia,CA,91007,780000,3,3,2192,1953,1266946,9,10,9
20891176,338 Fairview Ave,Arcadia,CA,91007,5180000,1,9,8600,2015,5766489,9,10,9
20895501,385 Walnut Ave,Arcadia,CA,91007,1290000,3,3,2427,1942,1835034,10,10,9
20895633,2235 Holly Ave,Arcadia,CA,91007,1145000,3,2,1823,1972,1046672,10,10,9
20890986,460 Fairview Ave APT 3,Arcadia,CA,91007,535000,3,3,1508,1979,541085,9,10,9
20894894,311 W Lemon Ave,Arcadia,CA,91007,2460000,2,1,1765,1937,2098420,10,10,9
20891222,401 Fairview Ave APT B,Arcadia,CA,91007,790000,3,3,2036,1997,796944,9,10,9
20889134,1135 Paloma Dr,Arcadia,CA,91007,1980000,6,5.5,3798,1950,2127445,10,10,9
20729650,1130 Arcadia Ave UNIT C,Arcadia,CA,91007,538000,2,1.5,1390,1971,502495,10,9,10
20895105,404 W Lemon Ave,Arcadia,CA,91007,908000,4,2,1574,1954,1103526,10,10,9
20732682,745 Callita St,Arcadia,CA,91007,795000,3,3,1495,1955,752678,9,10,10
20729648,1130 Arcadia Ave UNIT A,Arcadia,CA,91007,525000,2,2.5,1391,1971,515589,10,9,10
20895522,252 W Longden Ave,Arcadia,CA,91007,3100000,5,5,5508,1996,3692777,10,10,9
20893219,75 W Le Roy Ave,Arcadia,CA,91007,1200000,4,2.5,2551,1942,1503783,9,10,9
20893414,128 W Pamela Rd,Arcadia,CA,91007,1865000,4,4,3232,2001,1953634,10,10,9
20890671,530 Fairview Ave APT 8,Arcadia,CA,91007,450000,2,1.5,1256,1971,438952,9,10,9
20729932,1155 Arcadia Ave UNIT 4,Arcadia,CA,91007,623000,3,3,1599,1979,575055,10,9,10
20890579,588 W Huntington Dr UNIT B,Arcadia,CA,91007,510000,2,3,1382,1974,547988,9,10,9
20893221,65 W Le Roy Ave,Arcadia,CA,91007,2308000,4,4.5,3750,2015,2001551,9,10,9
20890854,407 W Duarte Rd UNIT 4,Arcadia,CA,91007,599990,3,3,1819,1974,600903,9,10,9
20893523,75 W Winnie Way,Arcadia,CA,91007,1300000,4,3,2170,1959,1528218,10,10,9
20888729,225 Santa Rosa Rd,Arcadia,CA,91007,1088000,3,3,2287,1950,1449096,9,10,9
20889097,1123 Monte Verde Dr,Arcadia,CA,91007,1340000,3,2,1778,1952,1272300,10,10,9
20890581,588 W Huntington Dr UNIT D,Arcadia,CA,91007,440000,2,3,1208,1974,489103,9,10,9
20890347,1025 W Huntington Dr UNIT J,Arcadia,CA,91007,219000,2,3,1341,1968,953969,10,10,9
20888761,315 Santa Cruz Rd,Arcadia,CA,91007,1000000,4,2,1585,1947,1069158,9,10,9
20894618,251 W Le Roy Ave,Arcadia,CA,91007,2450000,4,3.5,2864,1938,2359687,9,10,9
20895478,301 Walnut Ave,Arcadia,CA,91007,5100000,6,6.5,10100,2015,6443594,10,10,9
20895889,229 W Woodruff Ave,Arcadia,CA,91007,1700000,3,3,2714,1948,1913446,10,10,9
20890421,630 W Huntington Dr UNIT 212,Arcadia,CA,91007,538500,3,2,1703,1967,595544,9,10,9
20888948,118 San Miguel Dr,Arcadia,CA,91007,1300000,7,6,2744,1948,2094521,9,10,9
20732646,6640 N Golden West Ave,Arcadia,CA,91007,690000,3,1,899,1950,562021,9,10,10
20894695,1608 Melanie Ln,Arcadia,CA,91007,1298000,3,2,1996,1967,1221045,10,10,9
20893315,82 W Le Roy Ave,Arcadia,CA,91007,1880000,5,5,3639,2000,1880016,9,10,9
63092398,243 W Magna Vista Ave,Arcadia,CA,91007,3360000,5,7,7008,2004,4071072,9,10,9
20894256,731 Fairview Ave APT 9,Arcadia,CA,91007,515000,2,1.5,1291,1976,499065,10,10,9
20889018,512 Santa Rosa Rd,Arcadia,CA,91007,960000,3,2,1431,1951,972018,9,10,9
20731864,1022 W Duarte Rd UNIT 17,Arcadia,CA,91007,398000,2,1,1120,1971,463531,9,10,10
20888827,312 Santa Cruz Rd,Arcadia,CA,91007,2499000,4,4.5,4108,2014,2175053,9,10,9
20895490,350 W Longden Ave,Arcadia,CA,91007,5000000,6,9,8438,2014,5785076,10,10,9
20893707,1006 Arcadia Ave UNIT G,Arcadia,CA,91007,600100,2,2,1680,1980,622310,10,9,10
20894831,210 W Camino Real Ave,Arcadia,CA,91007,1945000,4,2.5,2448,1938,2026074,10,10,9
54668736,886 S Golden West Ave,Arcadia,CA,91007,830000,3,2.5,1998,1999,784129,10,10,9
20891012,447 Fairview Ave APT 1,Arcadia,CA,91007,658000,3,3,1838,1974,654882,9,10,9
20889915,948 Kingsley Dr,Arcadia,CA,91007,1329000,2,2,1839,1948,1280316,10,10,9
20732116,6515 N Golden West Ave,Arcadia,CA,91007,635000,3,2,1191,1951,668813,9,10,10
20895397,2110 S Baldwin Ave,Arcadia,CA,91007,1150000,5,6,6700,1926,3749025,10,10,9
20894641,265 W Magna Vista Ave,Arcadia,CA,91007,1355000,3,2.5,1807,1959,1229768,9,10,9
20895447,485 Walnut Ave,Arcadia,CA,91007,5900000,7,8.5,11280,2014,7888102,10,10,9
20891033,435 Fairview Ave APT 1,Arcadia,CA,91007,639000,3,3,1838,1974,641179,9,10,9
79798804,1128 W Duarte Rd UNIT E,Arcadia,CA,91007,418500,2,1.75,1260,2006,512051,9,10,10
20891007,826 La Cadena Ave UNIT G,Arcadia,CA,91007,459000,2,2,1371,1965,710563,9,10,9
20890126,855 Kingsley Dr,Arcadia,CA,91007,1200000,3,2,1942,1947,1259373,10,10,9
20889137,1115 Paloma Dr,Arcadia,CA,91007,3080000,4,5,4600,2014,2361322,10,10,9
20895992,145 W Las Flores Ave,Arcadia,CA,91007,3688000,6,6.5,7220,2002,3952966,10,10,9
20888579,428 Cambridge Dr,Arcadia,CA,91007,3140000,5,5.5,4848,2014,2556144,10,10,9
20895733,2430 Florence Ave,Arcadia,CA,91007,1170000,3,2,1579,1931,1184500,10,10,9
20731858,1022 W Duarte Rd UNIT 11,Arcadia,CA,91007,508000,3,2,1316,1971,491771,9,10,10
20894969,537 Sharon Rd,Arcadia,CA,91007,2989000,4,5,4801,2014,2300790,10,10,9
21535654,5045 N Burnaby Dr,Covina,CA,91724,315000,4,2,1523,1979,457279,6,5,7
21537490,5103 N Nearglen Ave,Covina,CA,91724,450000,3,2,1536,1956,496427,7,5,7
21535185,2010 E Cienega Ave APT C,Covina,CA,91724,300000,2,2,1051,1984,272046,6,5,7
21535872,1936 E Covina Blvd,Covina,CA,91724,240000,2,2,978,1985,247879,7,5,7
21537317,5055 N Jenifer Ave,Covina,CA,91724,553000,4,2,1858,1956,533606,7,5,7
21535430,1152 N Sunflower Ave,Covina,CA,91724,315000,2,1.5,1253,1983,405977,6,5,7
21555251,3331 N Rancho La Carlota Rd,Covina,CA,91724,890000,5,3.5,4000,1956,1349636,6,6,7
21537797,1055 N Glendora Ave,Covina,CA,91724,315000,2,2.5,1212,1984,393131,7,5,7
21555654,2159 E Rancho Culebra Dr,Covina,CA,91724,750000,4,3,2701,1969,760776,5,5,7
21545655,21106 E Cloverland Dr,Covina,CA,91724,825000,4,2,2579,1959,905203,5,5,7
21536788,20065 E Calora St,Covina,CA,91724,415000,3,2,1486,1956,483495,7,5,7
21536214,2176 E Bellbrook St,Covina,CA,91724,632000,4,3,2521,1989,671143,6,5,7
21546110,1617 E Farland St,Covina,CA,91724,420000,3,2,1333,1961,428597,5,5,7
21545156,130 S Wilbur Ave,Covina,CA,91724,525000,3,2,2100,1963,549500,5,5,7
21555610,21229 E Via Verde St,Covina,CA,91724,775000,4,3,3222,1979,1084270,9,8,10
21537113,4825 N Henton Ave,Covina,CA,91724,560000,3,3,2001,1956,540732,7,5,7
21535117,1158 N Lyman Ave,Covina,CA,91724,312000,4,3,1331,1979,322593,6,5,7
21546705,206 N Glendora Ave,Covina,CA,91724,308000,2,3,1201,1986,312350,5,5,7
21546696,214 N Glendora Ave # 71,Covina,CA,91724,350000,3,3,1362,1986,348084,5,5,7
21536664,1820 E Edgecomb St,Covina,CA,91724,527500,4,2,1428,1957,487991,5,5,7
21546865,425 N Nearglen Ave,Covina,CA,91724,460000,3,2,1407,1958,460364,5,5,7
21536870,4941 N Rimhurst Ave,Covina,CA,91724,475000,3,2,1503,1961,463857,7,5,7
65244824,20711 E Mesarica Rd,Covina,CA,91724,2300000,4,5,6529,2004,1955545,5,5,7
21547067,337 N Jenifer Ave,Covina,CA,91724,630909,5,3,2904,1993,718821,5,5,7
21535013,20821 E Calora St APT E2,Covina,CA,91724,295000,2,3,1291,1984,313570,6,5,7
21546746,276 N Glendora Ave # 276,Covina,CA,91724,330000,3,3,1362,1987,326037,5,5,7
21536577,478 N Stephora Ave,Covina,CA,91724,537000,4,3,2060,1957,551637,5,5,7
21546635,1326 E Palm Dr,Covina,CA,91724,458000,3,2,1360,1962,460801,5,5,7
21536121,958 N Grammont Ave,Covina,CA,91724,432000,3,2,1260,1959,352940,6,5,7
21545588,21007 E Mesarica Rd,Covina,CA,91724,1000000,3,3,2664,1958,999375,5,5,7
21546626,1351 E Palm Dr,Covina,CA,91724,475000,4,2,1409,1962,469967,5,5,7
21537352,19523 E Cypress St,Covina,CA,91724,440000,2,1,960,1947,404858,7,5,7
21535194,2014 E Cienega Ave APT A,Covina,CA,91724,310000,3,3,1289,1984,310824,6,5,7
21536855,1370 E Cienega Ave,Covina,CA,91724,399000,3,2,1195,1963,412394,7,5,7
21535045,5053 N Sunflower Ave,Covina,CA,91724,336000,2,1,1064,1954,356571,6,5,7
21534842,5018 N Reeder Ave,Covina,CA,91724,368000,2,2,948,1954,372242,7,5,7
21487793,19601 Via Caballos St,COVINA,CA,91724,865000,7,5,3607,1971,1457058,8,6,7
21536010,974 N Charter Dr,Covina,CA,91724,512000,3,2,1532,1962,495003,6,5,7
21536614,714 N Garsden Ave,Covina,CA,91724,487000,4,2,1428,1957,482852,5,5,7
21555583,501 N Jalapa Dr,Covina,CA,91724,729000,4,2,2149,1965,720602,5,5,7
21537248,20254 E Arrow Hwy APT B,Covina,CA,91724,302000,3,3,1477,1980,293973,7,5,7
21537901,4900 N Grand Ave APT 125,Covina,CA,91724,200000,1,1,780,1984,218587,7,5,7
21535245,1137 N Barston Ave # 24,Covina,CA,91724,197500,2,1,836,1972,194565,6,5,7
2114925449,21310 E Covina Blvd TRLR 43,Covina,CA,91724,44000,2,2,1000,1989,313260,6,5,7
21546130,1470 E Colver Pl,Covina,CA,91724,479999,4,2,1546,1961,485594,5,5,7
21555621,21245 E Via Verde St,Covina,CA,91724,647000,1,1,750,1992,503213,9,8,10
21545479,1978 E Palm Dr,Covina,CA,91724,499000,4,2,1539,1959,474923,5,5,7
21670145,20910 Broken Bit Dr,Covina,CA,91724,760000,4,3,2602,1998,867903,8,6,7
21534900,20657 E Stephanie Dr,Covina,CA,91724,440000,3,2,1604,1961,470957,7,5,7
21537763,1167 E Brookport St,Covina,CA,91724,274000,3,2,1356,1961,354459,7,5,7
21555373,581 N Jalapa Dr,Covina,CA,91724,650000,3,2,2199,1968,762244,5,5,7
21534970,1375 N Sunflower Ave,Covina,CA,91724,568000,3,1,1100,1950,468197,6,5,7
21536005,1030 N Charter Dr,Covina,CA,91724,485000,4,2,1949,1962,511323,6,5,7
21537068,20348 E Calora St,Covina,CA,91724,490000,3,2,1303,1957,475203,7,5,7
21535669,21149 E Nubia St,Covina,CA,91724,604000,4,3,2094,1979,539789,6,5,7
21536353,2187 E Badillo St,Covina,CA,91724,397500,3,3,1879,1985,452667,6,5,7
21546031,770 N Glendora Ave # 7,Covina,CA,91724,287500,2,3,1252,1979,314863,7,5,7
21487431,2450 Cameron Ave,Covina,CA,91724,810000,3,2,2196,1975,882020,8,6,7
21555361,1145 Dawn Ridge Way,Covina,CA,91724,560000,4,3,2246,1977,586786,6,6,7
21546957,925 E Wanamaker Dr,Covina,CA,91724,435000,3,2,1433,1957,434472,5,5,7
21546780,126 N Mangrove Ave,Covina,CA,91724,524000,3,2,1993,1972,527900,5,5,7
21554657,20025 Squire Dr,Covina,CA,91724,650000,5,3,2414,1956,724969,5,5,7
21534749,4845 N Castleview Ave,Covina,CA,91724,452500,3,2,1240,1962,447999,6,5,7
21670498,20529 Mesquite Ln,Covina,CA,91724,1078000,3,3,3300,1995,1166757,8,6,7
21536527,1809 E Sachs Pl,Covina,CA,91724,523000,4,2,1778,1957,521333,5,5,7
21546176,1322 E Colver Pl,Covina,CA,91724,415000,3,2,1352,1961,432211,5,5,7
21546899,451 N Jenifer Ave,Covina,CA,91724,525000,4,3,1870,1959,533075,5,5,7
21535214,5116 N Sunflower Ave,Covina,CA,91724,469000,3,2,1460,1952,437622,6,5,7
21535079,1867 E Venton St,Covina,CA,91724,521000,4,2,1809,1963,533327,7,5,7
21487457,2560 N Los Lomitas Way,Covina,CA,91724,705000,5,3,3702,1957,1360721,8,6,7
21535983,975 N Charter Dr,Covina,CA,91724,480000,3,2,1537,1962,488185,6,5,7
21487502,2098 S Buenos Aires Dr,Covina,CA,91724,450000,3,3,2918,1976,1103918,8,6,7
21535540,21217 E Tudor St,Covina,CA,91724,390000,3,2,1293,1962,410240,6,5,7
21535569,21216 E Tudor St,Covina,CA,91724,430000,4,3,1776,1962,461091,6,5,7
21487474,2349 S Buenos Aires Dr,Covina,CA,91724,689000,4,4,2905,1969,1125933,8,6,7
21545894,20546 E Renshaw St,Covina,CA,91724,835000,5,3,2550,1941,805529,5,5,7
21535390,21060 E Greenhaven St,Covina,CA,91724,342500,3,1,999,1959,350392,6,5,7
21555650,556 S Rancho Alegre Dr,Covina,CA,91724,702000,5,3,2723,1969,714580,5,5,7
21537541,4936 N Dodsworth Ave,Covina,CA,91724,488000,5,3,2424,1956,522858,7,5,7
21536355,2183 E Badillo St,Covina,CA,91724,387000,3,3,1753,1985,433597,6,5,7
21555684,570 S Rancho Vista Dr,Covina,CA,91724,687500,4,3,2119,1973,704786,5,5,7
21555717,524 S Rancho Simi Dr,Covina,CA,91724,713000,3,1.75,1839,1969,717808,5,5,7
79805152,1230 Center Court Dr,Covina,CA,91724,530000,3,3,2539,2006,796628,6,6,7
21546677,148 N Glendora Ave,Covina,CA,91724,350000,3,2.5,1362,1984,358490,5,5,7
21537473,19851 E Cienega Ave,Covina,CA,91724,570000,6,4,2825,1957,613034,7,5,7
21536049,1902 E Benbow St,Covina,CA,91724,226500,3,2,1470,1960,476747,6,5,7
21487465,20201 E Dameral Dr,Covina,CA,91724,607000,4,4,2604,1956,906655,8,6,7
21537889,4900 N Grand Ave APT 113,Covina,CA,91724,275000,2,2,1270,1984,284533,7,5,7
21554610,3646 N Shadyglen Dr,Covina,CA,91724,485000,4,2,1752,1956,543008,5,5,7
21537089,5019 N Bonnie Cove Ave,Covina,CA,91724,408000,3,1,1176,1961,417907,7,5,7
21555458,20621 E Covina Hills Rd,Covina,CA,91724,710000,4,3,2864,1960,825955,6,6,7
21546740,264 N Glendora Ave,Covina,CA,91724,315000,3,2.5,1362,1987,344641,5,5,7
21537975,4900 N Grand Ave APT 301,Covina,CA,91724,272500,3,2,1279,1988,297432,7,5,7
21546310,603 N Darfield Ave,Covina,CA,91724,599000,4,3,2192,1962,608740,5,5,7
21537537,4910 N Dodsworth Ave,Covina,CA,91724,448500,3,2,1385,1956,445669,7,5,7
21555734,20564 E Exbury Pl,Covina,CA,91724,785000,3,3,3483,1985,1252952,6,6,7
21546068,830 N Greenpark Ave,Covina,CA,91724,418000,3,2,1333,1961,428439,5,5,7
21536804,20108 E Stephanie Dr,Covina,CA,91724,375000,3,2,1452,1969,467670,7,5,7
21545370,360 N Garsden Ave,Covina,CA,91724,508000,4,2,2089,1964,538785,5,5,7
21535320,20983 E Covina Blvd APT F,Covina,CA,91724,240000,2,2,962,1984,374237,6,5,7
21535539,21223 E Tudor St,Covina,CA,91724,419000,3,2,1306,1962,431400,6,5,7
21537387,1071 N Bender Ave,Covina,CA,91724,485000,3,2,1356,1957,451527,7,5,7
21546880,1046 E Edgecomb St,Covina,CA,91724,441000,3,2,1476,1957,452905,5,5,7
21545390,105 N Garsden Ave,Covina,CA,91724,635000,4,2,1998,1969,586330,5,5,7
21546515,1546 E Ruddock St,Covina,CA,91724,500000,5,2,1924,1964,517992,5,5,7
21535698,1181 N Garsden Ave,Covina,CA,91724,450000,3,2,1575,1963,466604,7,5,7
21545210,1504 E Dexter St,Covina,CA,91724,1100000,5,5,4460,1924,1179394,5,5,7
21554704,3306 N Rancho La Carlota Rd,Covina,CA,91724,816000,3,4,2995,1956,967593,6,6,7
21545494,372 N Greer Ave,Covina,CA,91724,445000,4,2,1472,1962,460571,5,5,7
21537342,4745 N Westridge Ave,Covina,CA,91724,510000,3,2,1721,1956,506447,7,5,7
21487509,2005 S Buenos Aires Dr,Covina,CA,91724,795000,4,3,3383,1978,1313810,8,6,7
21554820,1201 E Covina Hills Rd,Covina,CA,91724,1050000,5,6,5845,1992,1389198,5,5,7
21537241,20250 E Arrow Hwy APT B,Covina,CA,91724,282000,3,3,1477,1980,293146,7,5,7
21546982,213 N Westridge Ave,Covina,CA,91724,411000,4,2,1293,1957,440592,5,5,7
21546778,104 N Mangrove Ave,Covina,CA,91724,500000,4,2,1890,1972,538570,5,5,7
21554949,3636 N Westridge Ave,Covina,CA,91724,470000,3,2,1701,1956,512989,5,5,7
21535876,1928 E Covina Blvd # 42,Covina,CA,91724,295000,3,3,1238,1985,318902,7,5,7
21537023,5038 N Banna Ave,Covina,CA,91724,392000,3,2,1314,1957,465257,7,5,7
21546143,632 N Rimhurst Ave,Covina,CA,91724,409000,3,2,1352,1961,429741,5,5,7
21535507,4907 N Burnaby Dr,Covina,CA,91724,399000,4,2,1550,1961,470615,6,5,7
64602129,7546 Oakford Ct,Rancho Cucamonga,CA,91739,675000,5,3,3479,2004,634041,9,8,8
2102786876,13288 Cortez Ct,Rancho Cucamonga,CA,91739,489000,4,3,2526,2013,467638,9,8,8
17310496,5928 Johnston Pl,Rancho Cucamonga,CA,91739,730000,5,3.5,3345,1998,721979,9,8,8
94690830,12368 Claredon Dr UNIT 1,Rancho Cucamonga,CA,91739,425500,3,3.5,1560,2009,398735,9,8,8
64487326,7527 Kenwood Pl,Rancho Cucamonga,CA,91739,630000,4,3,3242,2004,615507,9,8,8
59198970,6575 Elderberry Ct,Rancho Cucamonga,CA,91739,470000,4,3,1806,1985,463521,9,8,8
122899507,5054 Sagewood Dr,Etiwanda,CA,91739,800000,5,3,3701,2013,756272,9,8,8
59199852,7109 Walcott Pl,Rancho Cucamonga,CA,91739,362000,3,2,1080,1986,338472,9,8,8
61683041,12231 Danville Dr,Rancho Cucamonga,CA,91739,630000,3,4,3156,2004,653018,9,10,9
17309576,5570 Carmello Ct,Rancho Cucamonga,CA,91739,750000,5,3,3127,1998,706347,9,10,9
59198887,6820 Carob Ave,Rancho Cucamonga,CA,91739,295000,2,1,849,1987,305450,9,8,8
82900335,12336 Hollyhock Dr UNIT 4,Rancho Cucamonga,CA,91739,400000,3,2,1617,2007,396657,9,8,8
69011479,7161 East Ave APT 42,Rancho Cucamonga,CA,91739,335000,3,3,1670,2005,328069,10,8,8
64871841,7725 Hess Pl UNIT 3,Rancho Cucamonga,CA,91739,378000,3,3,1650,2004,357147,8,8,8
82905282,7691 Creole Pl UNIT 4,Rancho Cucamonga,CA,91739,355000,2,3,1436,2007,363446,9,8,8
59198754,6698 Mimosa Pl,Rancho Cucamonga,CA,91739,407000,3,2,1408,1985,427257,9,8,8
17311947,5105 Sanchez Ct,Rancho Cucamonga,CA,91739,687000,5,4,3339,1998,723824,9,8,8
82898793,12347 Hollyhock Dr UNIT 1,Rancho Cucamonga,CA,91739,373000,2,2,1493,2007,379881,9,8,8
59199358,6777 Santolina Pl,Rancho Cucamonga,CA,91739,482500,4,2.5,1806,1987,639470,9,8,8
82922322,12445 Benton Dr UNIT 3,Rancho Cucamonga,CA,91739,395000,2,2,1493,2007,374487,9,8,8
17311917,14223 San Antonio Dr,Rancho Cucamonga,CA,91739,579000,4,3,2396,1998,573794,9,8,8
17312453,8005 Henbane St,Rancho Cucamonga,CA,91739,363000,3,2,1170,1974,337834,8,8,8
59200017,7201 Dunmore Pl,Rancho Cucamonga,CA,91739,360000,3,2,1080,1987,352243,9,8,8
64748103,7331 Shelby Pl APT 141,Rancho Cucamonga,CA,91739,308000,2,2,1304,2004,312040,10,8,8
17311984,14180 Vai Brothers Dr,Rancho Cucamonga,CA,91739,670000,4,3,3295,1999,705025,9,8,8
17310078,14033 Annandale Ln,Rancho Cucamonga,CA,91739,550000,4,3,2335,1994,525507,9,8,8
59200215,6917 Cromwell Ct,Rancho Cucamonga,CA,91739,540000,5,3,2896,2001,558145,9,8,8
59200125,7211 Westhaven Pl,Rancho Cucamonga,CA,91739,498000,4,3,2516,2001,530497,8,10,8
55029479,13034 Claret Ct,Rancho Cucamonga,CA,91739,501000,4,3,2664,2001,488322,9,8,8
64741691,7744 Chambray Pl UNIT 1,Rancho Cucamonga,CA,91739,321500,2,2,1170,2004,284786,8,8,8
59199567,7071 Crocus Ct,Rancho Cucamonga,CA,91739,290000,2,1,761,1984,288408,9,8,8
119674529,13279 Cortez Ct,Rancho Cucamonga,CA,91739,468000,4,3,2379,2013,465840,9,8,8
17309798,5810 Etiwanda Ave,Rancho Cucamonga,CA,91739,895000,5,4,3717,2002,844339,9,10,9
89139667,12410 Macon Dr,RANCHO CUCAMONGA,CA,91739,948000,5,5,4364,2008,767332,9,10,9
122899570,6315 Driftwood Pl,Rancho Cucamonga,CA,91739,550000,3,2.5,2450,2012,569823,9,10,9
64840082,7331 Shelby Pl APT 36,Rancho Cucamonga,CA,91739,365000,3,3,1964,2004,376727,10,8,8
122898548,12594 Nottingham Dr,Rancho Cucamonga,CA,91739,615000,4,3,3021,2012,598370,9,8,8
94693932,8090 Cornwall Ct UNIT 61,Rancho Cucamonga,CA,91739,303000,2,2,1328,2009,293800,9,8,8
69011520,7161 East Ave APT 92,Rancho Cucamonga,CA,91739,314000,3,3,1611,2005,314354,10,8,8
55026977,12711 Colonnade Dr,Rancho Cucamonga,CA,91739,580000,4,3,2430,2001,548826,10,8,8
17309489,12348 Silver Saddle Dr,Rancho Cucamonga,CA,91739,593250,4,3,2650,2001,574949,9,10,9
17309554,5655 Aruba Ct,Rancho Cucamonga,CA,91739,820000,5,4,3504,1999,733853,9,10,9
61650285,13426 Cajon Creek Ct,Rancho Cucamonga,CA,91739,640000,4,3,3416,2003,680780,10,8,8
69011487,7161 East Ave APT 50,Rancho Cucamonga,CA,91739,337000,3,2.5,1670,2005,326329,10,8,8
82912978,12434 Benton Dr UNIT 4,Rancho Cucamonga,CA,91739,350000,2,2,1493,2007,370781,9,8,8
17309629,5492 Stagecoach Ct,Rancho Cucamonga,CA,91739,670000,4,3,2871,1996,647674,9,10,9
111075731,12482 Melon Dr,Rancho Cucamonga,CA,91739,650000,5,3,3154,2010,601275,9,10,9
53062115,12266 Knightsbridge Dr,Rancho Cucamonga,CA,91739,465000,4,3,1821,2000,468183,9,8,8
69011521,7161 East Ave APT 94,Rancho Cucamonga,CA,91739,305000,3,3,1804,2005,330280,10,8,8
63121020,7338 Vine Crest Pl,Rancho Cucamonga,CA,91739,405000,4,3,3242,2004,633048,9,8,8
53061999,12180 Abbey Ct,Rancho Cucamonga,CA,91739,455000,4,2.25,2349,2000,513169,9,8,8
79553869,5226 Flora Ct,Etiwanda,CA,91739,675000,5,4,3715,2007,704259,9,10,9
79559767,12756 N Bend Ct,Rancho Cucamonga,CA,91739,816000,4,4.5,3802,2006,968599,9,10,9
69011384,12227 Iron Stone Dr,Rancho Cucamonga,CA,91739,510000,4,3,2348,2006,535962,9,10,9
64830695,7709 Hess Pl UNIT 2,Rancho Cucamonga,CA,91739,333000,2,2,1305,2004,316766,8,8,8
17309233,12667 W Rancho Estates Pl,Rancho Cucamonga,CA,91739,547500,4,2,2326,1998,601114,9,10,9
59200296,12463 Harwick Dr,Rancho Cucamonga,CA,91739,525000,4,3,2723,2002,555389,9,8,8
61682817,12263 Keenland Dr,Etiwanda,CA,91739,645000,3,3,3156,2004,659147,9,10,9
94685453,13276 Palmira Dr,Rancho Cucamonga,CA,91739,416000,4,2,1995,2010,463743,9,8,8
59199237,12840 Coriander Ct,Rancho Cucamonga,CA,91739,445000,4,2,1806,1986,435268,9,8,8
59199530,12365 Sweetgum Dr,Rancho Cucamonga,CA,91739,320500,3,1,932,1984,298790,9,8,8
79557730,5570 Stoneview Rd,Rancho Cucamonga,CA,91739,760000,5,3,3845,2006,754497,9,10,9
82897279,12427 Canal Dr UNIT 6,Rancho Cucamonga,CA,91739,395000,3,4,1560,2007,390253,9,8,8
63121183,7393 Roundhill Pl,Rancho Cucamonga,CA,91739,655000,5,4.5,3738,2004,631283,9,8,8
63120918,12231 Bridlewood Dr,Rancho Cucamonga,CA,91739,600000,5,3,2868,2004,568364,8,8,8
61649594,12276 Chicory Ct,Etiwanda,CA,91739,632000,4,3,2943,2003,643176,9,10,9
17309519,6268 Filly Ct,Rancho Cucamonga,CA,91739,640000,4,3,2650,2000,643735,9,10,9
2102768810,12523 Sagrantino Ct UNIT 35,Rancho Cucamonga,CA,91739,356990,3,2.5,1461,2014,375328,8,8,8
21488452,24149 Meadow Falls Dr,Diamond Bar,CA,91765,487000,4,2,1640,1962,579941,6,6,9
21658721,565 Charmingdale Rd,Diamond Bar,CA,91765,480000,3,2,1529,1964,564149,6,6,9
21672711,2350 S Diamond Bar Blvd UNIT B,Diamond Bar,CA,91765,321000,2,2,970,1980,323927,10,9,9
21487871,581 Pinto Mesa Dr,Diamond Bar,CA,91765,665000,4,3,2056,1967,658728,6,6,9
21484452,3508 S Spring Meadow Ct,Diamond Bar,CA,91765,1120000,5,4,3228,1998,1179416,9,9,9
21674206,21266 Running Branch Rd,Diamond Bar,CA,91765,960000,4,3,2697,1979,906363,9,9,9
21672511,2137 Dublin Ln # 1,Diamond Bar,CA,91765,578000,4,3,2104,1989,608653,10,9,9
21661376,1451 Meadow Glen Rd,Diamond Bar,CA,91765,640000,4,2,1704,1977,726793,10,9,9
21676154,23020 Dry Creek Rd,Diamond Bar,CA,91765,427000,3,2,1274,1962,464576,5,6,6
21673724,21523 Ambushers St,Diamond Bar,CA,91765,899900,4,3,2712,1978,892373,10,9,9
21492280,21402 Broken Arrow Dr,Diamond Bar,CA,91765,600000,4,2,1260,1976,600561,10,9,9
21488359,23812 Palomino Dr,Diamond Bar,CA,91765,530000,4,3,2104,1961,680765,6,6,7
21493387,1621 S Diamond Bar Blvd # 49,Diamond Bar,CA,91765,462000,3,2.5,1413,1985,450580,10,9,9
21662090,23897 Minnequa Dr,Diamond Bar,CA,91765,555000,4,2,1503,1966,520599,7,6,6
21492828,1711 Kiowa Crest Dr,Diamond Bar,CA,91765,550000,3,2,1738,1971,647067,10,9,9
21488836,24467 Deepsprings Dr,Diamond Bar,CA,91765,549000,3,2,1379,1988,536406,9,6,6
21674753,23435 Gold Rush Dr,Diamond Bar,CA,91765,648000,4,3,1881,1974,632972,5,6,6
21675472,22898 Hilton Head Dr UNIT 328,Diamond Bar,CA,91765,264000,2,1,851,1986,259425,5,6,6
21489244,23673 Palomino Dr,Diamond Bar,CA,91765,495000,4,2,1640,1961,538617,6,6,7
21487826,315 Fern Pl,Diamond Bar,CA,91765,520000,3,2,1339,1985,536684,6,6,9
21676108,23013 Mink Dr,Diamond Bar,CA,91765,480000,3,2,1687,1973,541307,5,6,6
21489404,21519 Lost River Dr,Diamond Bar,CA,91765,513000,4,2,1315,1963,571003,10,9,9
21661896,23824 Twin Pines Ln,Diamond Bar,CA,91765,485000,3,2,1272,1964,481736,7,6,6
21489708,21205 Cold Spring Ln,Diamond Bar,CA,91765,526000,3,2,1335,1964,592539,10,9,9
21665434,23533 Sunset Crossing Rd,Diamond Bar,CA,91765,450000,3,2,1272,1964,471635,7,6,6
21660689,1316 S Diamond Bar Blvd UNIT D,Diamond Bar,CA,91765,307000,2,1,820,1973,304534,10,9,9
21675995,22823 Dry Creek Rd,Pomona,CA,91765,540000,5,3,1841,1962,551224,5,6,6
21674720,374 S Prospectors Rd UNIT 127,Diamond Bar,CA,91765,215000,1,2,826,1979,198010,5,6,6
21658836,1439 Stonecrest Pl,Diamond Bar,CA,91765,891000,4,3,2155,1985,800781,10,9,6
21673413,2665 Clear Creek Ln,Diamond Bar,CA,91765,1350000,5,4,4610,1980,2211515,10,9,9
21489353,2241 Evergreen Springs Dr,Diamond Bar,CA,91765,545000,4,2,1315,1963,566629,10,9,9
21662914,940 Golden Springs Dr UNIT A,Diamond Bar,CA,91765,220000,3,3,1438,1983,368336,7,6,6
21659033,1307 Longview Dr,Diamond Bar,CA,91765,768000,4,2.5,1900,1985,721243,10,9,6
21676212,130 Gunsmoke Dr,Diamond Bar,CA,91765,474500,4,2,1386,1969,472810,5,6,6
21674677,356 S Prospectors Rd UNIT 84,Diamond Bar,CA,91765,198000,2,1,884,1979,303917,5,6,6
21661884,319 El Encino Dr,Diamond Bar,CA,91765,599000,4,1.5,1916,1965,574652,7,6,6
21661833,23931 Decorah Rd,Diamond Bar,CA,91765,515000,4,2,1859,1965,594298,7,6,6
21675813,22932 Rio Lobos Rd,Diamond Bar,CA,91765,800000,4,3,2089,1986,718936,10,9,10
21664288,24320 Sylvan Glen Rd UNIT B,Diamond Bar,CA,91765,379000,3,2.5,1400,1988,507452,7,6,6
21673396,23627 Falcons View Dr,Diamond Bar,CA,91765,2150000,6,5,5520,1984,2680552,10,9,9
21673237,2125 Rocky View Rd,Diamond Bar,CA,91765,1510000,5,3,3528,1977,1771845,10,9,9
21660345,908 Leyland Dr,Diamond Bar,CA,91765,780000,4,3,2464,1988,811265,9,6,6
21673481,24042 Falcons View Dr,Diamond Bar,CA,91765,1850000,5,3,3738,1972,1755485,10,9,9
21660306,1108 Pebblewood Dr,Diamond Bar,CA,91765,816000,4,3,2044,1986,849432,9,9,6
21663676,1140 Golden Springs Dr UNIT C,Diamond Bar,CA,91765,335000,2,3,1215,1983,326941,9,6,6
21672991,2920 Malaga Cir UNIT A,Diamond Bar,CA,91765,580000,4,3,2010,1987,593703,10,9,9
21675728,22901 True Grit Pl,Diamond Bar,CA,91765,695500,4,3,2078,1986,710357,10,9,9
21674887,772 Farben Dr,Diamond Bar,CA,91765,570000,5,2.5,2324,1973,643440,5,6,6
21664204,24214 Sylvan Glen Rd UNIT B,Diamond Bar,CA,91765,395000,3,2,1395,1988,400627,7,6,6
21675164,22801 Hilton Head Dr UNIT 19,Diamond Bar,CA,91765,203000,1,1,655,1981,200540,5,6,6
21661756,23810 Cholame Dr,Diamond Bar,CA,91765,529000,3,2,1412,1966,527204,7,6,6
21493479,23078 Aspen Knoll Dr,Diamond Bar,CA,91765,799000,5,1,2447,1972,798853,10,9,9
21658906,1006 Quiet Creek Ln,Diamond Bar,CA,91765,370000,3,2,1103,1973,361277,10,9,6
21674014,20903 Ambushers St,Diamond Bar,CA,91765,555000,4,2,1662,1964,572365,9,9,9
21673662,2819 Crystal Ridge Rd,Diamond Bar,CA,91765,6680000,7,7,10495,2002,6294582,10,9,9
21674331,3639 Hawkwood Rd,Diamond Bar,CA,91765,875000,4,3,2558,1981,859449,9,9,9
21484454,3503 S Spring Meadow Ct,Diamond Bar,CA,91765,1085000,5,4,3228,1998,1127391,9,9,9
21661280,1582 High Bluff Dr,Diamond Bar,CA,91765,679000,3,3,1772,1977,687185,10,9,9
21673286,23600 Ridge Line Rd,Diamond Bar,CA,91765,1530000,4,3,3406,1979,1576866,10,9,9
21487923,24139 Afamado Ln,Diamond Bar,CA,91765,555000,5,3,1843,1965,598193,6,6,9
21659956,1125 Longview Dr,Diamond Bar,CA,91765,858000,4,3,2366,1986,836912,9,9,6
21674757,565 S Diamond Bar Blvd,Diamond Bar,CA,91765,585000,5,3.5,2306,1974,646684,5,6,6
21488342,365 Carpio Dr,Diamond Bar,CA,91765,595000,4,3,1923,1996,643015,6,6,9
21659921,1156 Crestbrook Ct,Diamond Bar,CA,91765,850000,5,3,2535,1987,881122,9,9,6
21660910,1409 Winterwood Ln,Diamond Bar,CA,91765,755000,4,2.5,2252,1974,815527,10,9,10
21659988,1103 Bramford Ct,Diamond Bar,CA,91765,1150000,3,2.5,2411,1986,1066549,9,9,6
21489110,635 Boxcove Pl,Diamond Bar,CA,91765,950000,5,3,3173,1989,907122,9,6,6
21658942,23523 Twin Spring Ln,Diamond Bar,CA,91765,373000,3,2,1103,1974,353146,10,9,6
21660919,1340 Winterwood Ln,Diamond Bar,CA,91765,718100,4,3,1864,1974,700513,10,9,9
21489713,2818 Castle Rock Rd,Diamond Bar,CA,91765,565000,3,2,1300,1962,610311,10,9,9
21494879,22942 Estoril Dr UNIT 4,Diamond Bar,CA,91765,500000,3,3,1685,1987,542205,10,9,9
21662825,510 Golden Springs Dr UNIT B,Diamond Bar,CA,91765,360000,3,3,1438,1982,372654,7,6,6
21673856,3346 Falcon Ridge Rd,Diamond Bar,CA,91765,890000,3,3,2796,1978,1005653,10,9,9
21660996,23631 Country View Dr,Diamond Bar,CA,91765,750000,4,3,2252,1975,815490,10,9,9
21493122,1729 Fern Hollow Dr,Diamond Bar,CA,91765,580000,3,2,1260,1977,605234,10,9,9
21493354,1535 S Diamond Bar Blvd,Diamond Bar,CA,91765,472000,3,3.5,1481,1981,656195,10,9,9
21673280,23728 Ridge Line Rd,Diamond Bar,CA,91765,1650000,4,3,3827,1977,1710528,10,9,9
21665534,23941 Sapphire Canyon Rd,Diamond Bar,CA,91765,550000,4,2,1888,1968,545208,7,6,6
21492419,21525 Pathfinder Rd,Diamond Bar,CA,91765,550000,4,2,1712,1963,619813,10,9,9
21675954,653 Big Falls Dr,Diamond Bar,CA,91765,505000,4,2,1610,1964,513204,5,6,6
21494592,22900 Colombard Ln UNIT 2,Diamond Bar,CA,91765,488000,2,3,1468,1988,532835,10,9,9
21493873,22552 Lark Spring Ter,Diamond Bar,CA,91765,750000,4,3,2221,1967,765357,10,9,9
21494612,1205 Porto Grande UNIT 2,Diamond Bar,CA,91765,488000,3,3,1485,1983,478697,10,9,9
21661326,23302 Quail Summit Dr,Diamond Bar,CA,91765,742000,4,3,2252,1975,793903,10,9,9
21675527,22729 Lakeway Dr UNIT 384,Diamond Bar,CA,91765,260000,2,2,788,1986,278633,5,6,6
21488771,537 Armitos Pl,Diamond Bar,CA,91765,545000,3,2,1450,1987,546617,9,6,6
21494565,22908 Colombard Ln UNIT 4,Diamond Bar,CA,91765,480000,3,3,1468,1988,476722,10,9,9
21660329,902 Sunnyhill Pl,Diamond Bar,CA,91765,669091,5,3,2355,1988,801644,9,6,6
21658696,491 Charmingdale Rd,Diamond Bar,CA,91765,530000,4,3,1657,1964,562710,6,6,9
21674713,388 S Prospectors Rd UNIT 120,Diamond Bar,CA,91765,175000,1,1,884,1979,206003,5,6,6
21660018,24332 Brookwood Dr,Diamond Bar,CA,91765,825000,4,3,2155,1986,790923,9,9,6
55198554,621 Crestview Dr,Diamond Bar,CA,91765,1300000,3,4,3297,2001,1178092,9,6,6
82870208,933 Terrace Ln W UNIT 6,Diamond Bar,CA,91765,648000,2,3,1619,2008,696262,10,9,9
21488786,24423 Rockbury Dr,Diamond Bar,CA,91765,560000,3,2,1433,1987,541498,9,6,6
21492945,1771 Morning Canyon Rd,Diamond Bar,CA,91765,680000,4,3,2050,1978,783989,10,9,9
17594855,5127 Paddock Pl,Rancho Cucamonga,CA,91737,1333333,5,5,4752,2001,1374183,9,7,9
79553838,9866 Highland Ave UNIT A,Rancho Cucamonga,CA,91737,275000,3,3,1244,1988,298455,9,7,9
64587020,10655 Lemon Ave APT 1201,Rancho Cucamonga,CA,91737,227000,2,2,1008,1987,216887,8,7,9
79559158,4975 Lone Acres Ct,Rancho Cucamonga,CA,91737,850000,5,5.5,5283,2006,1545903,9,7,9
64624598,10655 Lemon Ave APT 4010,Rancho Cucamonga,CA,91737,190500,2,1,816,1987,177440,8,7,9
17289037,10302 Northridge Dr,Rancho Cucamonga,CA,91737,546000,4,4,2419,1989,533053,9,7,9
17594891,11179 Hillside Rd,Rancho Cucamonga,CA,91737,1015000,5,4.5,3882,2000,1010877,8,7,9
17308879,6120 Woodland Ct,Rancho Cucamonga,CA,91737,493000,4,2,2211,1989,514891,9,10,9
17308966,11788 White Mountain Ct,Rancho Cucamonga,CA,91737,407000,4,2,1556,1988,442744,9,10,9
17289978,6181 Kinlock Ave,Alta Loma,CA,91737,502500,4,2.5,2119,1978,472733,9,7,9
17594916,5427 Carriage Pl,Rancho Cucamonga,CA,91737,1150000,3,2.75,3524,2001,973327,8,7,9
17309058,11730 Mount Sterling Ct,Rancho Cucamonga,CA,91737,376000,3,2,1172,1988,382270,9,10,9
17592443,9598 Deodar St,Rancho Cucamonga,CA,91737,580000,3,3,2307,1984,553274,7,8,7
17290084,6222 Gamay Ct,Rancho Cucamonga,CA,91737,460000,4,3,1832,1988,426399,8,7,9
17594728,4976 Saddlewood Pl,Rancho Cucamonga,CA,91737,785000,4,2.5,3111,2001,787009,9,7,9
17594562,10565 Hillside Rd,Alta Loma,CA,91737,850000,4,4,3491,1979,832214,8,7,9
17288995,10425 Northridge Dr,Rancho Cucamonga,CA,91737,455000,4,3,1958,1988,471787,9,7,9
17309103,11825 Mount Everett Ct,Rancho Cucamonga,CA,91737,426000,3,3,1542,1988,415886,9,10,9
17592552,6228 Amethyst St,Rancho Cucamonga,CA,91737,445000,3,2,1983,1977,511068,7,8,7
17590580,9424 Beechwood Dr,Rancho Cucamonga,CA,91737,990000,5,5,3296,2004,962279,10,8,9
17290046,10532 Lemon Ave,Alta Loma,CA,91737,435000,3,2,1717,1978,446623,8,7,9
17308637,11474 Pikes Peak Ct,Rancho Cucamonga,CA,91737,367000,3,2,1172,1987,354898,9,10,9
64547201,10655 Lemon Ave APT 3308,Rancho Cucamonga,CA,91737,189000,2,1,816,1987,178960,8,7,9
17308480,11315 Pyramid Peak Ct,Rancho Cucamonga,CA,91737,487500,4,3,2014,1986,482421,9,10,9
17594947,4976 Huntswood Pl,Rancho Cucamonga,CA,91737,860000,4,3,3142,2001,824771,9,7,9
17287775,6448 Elmhurst Ave,Rancho Cucamonga,CA,91737,490000,4,2,2476,1981,506571,9,7,9
17594429,10363 Poplar St,Alta Loma,CA,91737,650000,5,4,3125,1979,758979,9,7,9
17308408,11640 Mount Waverly Ct,Rancho Cucamonga,CA,91737,495000,4,3,1896,1988,497049,9,10,9
17289604,5895 Cedar Mountain Dr,Rancho Cucamonga,CA,91737,629000,4,3,2629,1988,620027,8,7,9
17308865,6449 Mount Bend Pl,Rancho Cucamonga,CA,91737,400000,3,3,1484,1988,391045,9,10,9
17593932,5108 Carriage Rd,Rancho Cucamonga,CA,91737,876000,3,2.5,3142,2002,829796,9,7,9
17290666,5905 Elmhurst Ave,Alta Loma,CA,91737,530000,4,2,1816,1979,524523,9,7,9
17591237,9588 Golden St,Rancho Cucamonga,CA,91737,680000,4,3,2400,1981,653280,10,8,9
17290441,6375 Twilight Pl,Rancho Cucamonga,CA,91737,552500,4,3,2411,1990,562667,8,7,9
17591793,9513 Sunflower St,Rancho Cucamonga,CA,91737,607500,4,3,2206,1981,569395,10,8,9
17308766,11670 Mount Miriah Dr,Rancho Cucamonga,CA,91737,406000,3,3,1484,1988,399545,9,10,9
17290587,6181 Softwind Pl,Rancho Cucamonga,CA,91737,580000,4,3,2748,1989,619646,8,7,9
17289320,10570 Champagne Rd,Rancho Cucamonga,CA,91737,455000,3,2.5,1656,1987,445201,8,7,9
17289318,10582 Champagne Rd,Rancho Cucamonga,CA,91737,455000,3,2,1563,1987,442639,8,7,9
94694081,4927 Cactus Ct,Rancho Cucamonga,CA,91737,1240000,6,4,5168,2007,1374204,9,7,9
122899342,5022 Lipizzan Pl,Rancho Cucamonga,CA,91737,1583000,5,5.5,5585,2012,1608625,9,7,9
17288698,6240 Filkins Ave,Alta Loma,CA,91737,430000,4,3,1750,1964,413222,9,7,9
72653806,4918 Lone Acres Ct,Rancho Cucamonga,CA,91737,1269000,5,5.5,5185,2006,1517686,9,7,9
17593931,5094 Carriage Rd,Rancho Cucamonga,CA,91737,848000,4,4.5,3443,2002,882857,9,7,9
17591687,9178 Golden St,Rancho Cucamonga,CA,91737,699000,4,3,3058,1979,697558,10,8,9
17289191,10237 Kernwood Ct,Rancho Cucamonga,CA,91737,465000,4,3,2113,1989,466208,9,7,9
64612813,10655 Lemon Ave APT 1906,Rancho Cucamonga,CA,91737,155000,1,1,728,1987,150159,8,7,9
17289499,10778 Zinfandel St,Rancho Cucamonga,CA,91737,482000,4,2.5,1922,1989,474804,8,7,9
17595390,6562 Brissac Pl,Rancho Cucamonga,CA,91737,447000,4,3,1989,1989,459390,9,7,9
61684972,10123 Hillside Rd,Rancho Cucamonga,CA,91737,995000,5,5,3903,2003,997030,9,7,9
17591020,8951 Reales St,Rancho Cucamonga,CA,91737,1075000,3,4,3756,2007,995442,10,8,9
64482751,5226 Birdsong Pl,Rancho Cucamonga,CA,91737,885000,5,4,3944,2004,998126,9,7,9
64459638,4929 Clover Pl,Rancho Cucamonga,CA,91737,1150000,5,5,4400,2004,1335344,9,7,9
17308688,11622 Santiago Peak Ct,Rancho Cucamonga,CA,91737,375000,3,3,1472,1986,378757,9,10,9
17288211,6255 Archibald Ave,Rancho Cucamonga,CA,91737,465000,3,2,1722,1978,537257,9,7,9
64817177,10655 Lemon Ave APT 1304,Rancho Cucamonga,CA,91737,245000,3,2,1111,1987,229121,8,7,9
17308981,11799 White Mountain Ct,Rancho Cucamonga,CA,91737,431500,4,2,1826,1988,449439,9,10,9
17287918,6275 Terracina Ave,Rancho Cucamonga,CA,91737,540000,4,3,2321,1993,538784,8,7,9
17594840,10817 Carriage Dr,Rancho Cucamonga,CA,91737,2700000,6,7,11192,1995,2423535,9,7,9
17289448,6253 Brandy Pl,Alta Loma,CA,91737,454000,4,2,1663,1989,452340,8,7,9
17290558,6250 Moonshadow Pl # P,Rancho Cucamonga,CA,91737,525000,4,2.5,2400,1989,544499,8,7,9
69005379,10971 Deer Canyon Dr,Rancho Cucamonga,CA,91737,850000,5,5,4166,2003,1077890,8,7,9
17289089,6029 San Rafael Ct,Rancho Cucamonga,CA,91737,535000,4,3,2061,1994,528069,9,7,9
17309025,11857 White Mountain Ct,Rancho Cucamonga,CA,91737,417000,4,2,1556,1988,413343,9,10,9
17288938,6280 London Ave,Rancho Cucamonga,CA,91737,464000,4,2,2125,1995,471655,9,7,9
17290094,6249 Callaway Pl,Rancho Cucamonga,CA,91737,425000,3,3,1681,1988,415921,8,7,9
17594216,9926 Hillside Rd,Rancho Cucamonga,CA,91737,440000,3,1,1496,1917,486569,9,7,9
17595465,10235 19th St,Alta Loma,CA,91737,670000,3,1,1189,1960,450968,9,7,9
17290461,11190 Vintage Dr,Rancho Cucamonga,CA,91737,500000,4,2.5,2144,1994,507836,8,7,9
17291019,9675 Fairfield Ct,Rancho Cucamonga,CA,91737,360000,3,3,1463,1988,348335,6,8,7
64613313,5182 Birdsong Pl,Rancho Cucamonga,CA,91737,959000,5,3,4015,2004,936733,9,7,9
17590951,9138 Hidden Farm Rd,Rancho Cucamonga,CA,91737,649000,4,3,2800,1978,681330,10,8,9
17594886,11120 Martingale Way,Rancho Cucamonga,CA,91737,870000,4,4,4163,2000,1039109,8,7,9
17309087,11784 Mount Lassen Ct,Rancho Cucamonga,CA,91737,400000,3,3,1484,1988,395378,9,10,9
17288769,9787 Caldaro St,Rancho Cucamonga,CA,91737,380000,3,3,1341,1987,384692,9,7,9
17593964,10154 Sun Valley Dr,Rancho Cucamonga,CA,91737,610000,4,2,2192,1987,642466,9,7,9
17593909,5019 Carriage Rd,Rancho Cucamonga,CA,91737,835000,4,3,3111,2002,835866,9,7,9
17594922,5517 Carriage Pl,Rancho Cucamonga,CA,91737,1015000,3,5,4163,2001,1048251,8,7,9
17595431,6548 Halstead Ave,Rancho Cucamonga,CA,91737,407000,4,2,1559,1984,413596,9,7,9
17291010,9674 Cabot Ct,Rancho Cucamonga,CA,91737,312500,3,2,1160,1988,311657,6,8,7
17594019,5167 Silver Mountain Way,Rancho Cucamonga,CA,91737,640000,4,3,2500,1985,653427,9,7,9
17289471,10723 Champagne Rd,Rancho Cucamonga,CA,91737,427000,3,2,1563,1988,430752,8,7,9
17288786,9815 Balaton St,Rancho Cucamonga,CA,91737,335000,2,2,1200,1987,332691,9,7,9
17308530,11578 Mount Rainier Ct,Rancho Cucamonga,CA,91737,378000,3,2,1220,1986,336735,9,10,9
17596802,6636 Dakota Ave,Rancho Cucamonga,CA,91737,375000,4,3,2106,1979,479519,8,7,9
2102822966,6636 Dakota Ave.,Rancho Cucamonga,CA,91737,529900,4,2.5,2106,1979,485078,8,7,9
17594446,4925 Calico Ct,Rancho Cucamonga,CA,91737,880000,4,3,3200,1986,944202,9,7,9
17309073,11737 Mount Sterling Ct,Rancho Cucamonga,CA,91737,400000,3,3,1502,1988,412282,9,10,9
17289691,6233 Phillips Way,Alta Loma,CA,91737,400000,3,2,1214,1977,407247,9,7,9
17597024,6580 Shawna Ave,Rancho Cucamonga,CA,91737,465000,4,3,1895,1989,466541,8,7,9
17590337,9430 Valley View St,Alta Loma,CA,91737,920000,4,3,3551,1974,859382,10,8,9
17287925,6349 London Ave,Rancho Cucamonga,CA,91737,539000,4,4,2567,1992,549593,9,7,9
17287945,6350 Calle Hermoso,Rancho Cucamonga,CA,91737,568000,4,3,2482,1992,551640,9,7,9
64655213,10655 Lemon Ave APT 3912,Rancho Cucamonga,CA,91737,148000,1,1,728,1987,163416,8,7,9
17594576,10522 Wilson Ave,Alta Loma,CA,91737,840000,6,6,3854,1979,858248,8,7,9
17594760,10939 Deer Canyon Dr,Rancho Cucamonga,CA,91737,981000,5,4,4105,1995,1017376,8,7,9
17287888,6260 Terracina Ave,Rancho Cucamonga,CA,91737,580000,5,3,2548,1993,558406,8,7,9
17288556,6280 Kinlock Ave,Alta Loma,CA,91737,425000,4,3,1731,1964,440083,9,7,9
17288762,9788 Balaton St,Rancho Cucamonga,CA,91737,400000,4,3,1492,1987,406551,9,7,9
17308410,11625 Mount Baker Ct,Rancho Cucamonga,CA,91737,411000,4,3,1896,1988,481773,9,10,9
17593982,10150 Snowbird Dr,Rancho Cucamonga,CA,91737,659000,5,3,2595,1985,662530,9,7,9
17591778,6011 Klusman Ave,Rancho Cucamonga,CA,91737,575000,3,3,2209,1981,593835,10,8,9
63120555,5773 Sycamore Ct,Rancho Cucamonga,CA,91737,247500,5,4,4258,2004,945206,9,7,9
64633954,10655 Lemon Ave APT 3301,Rancho Cucamonga,CA,91737,190000,2,1,816,1987,174989,8,7,9
17594346,10360 Ridgeview Ct,Rancho Cucamonga,CA,91737,615000,4,2.5,2994,1989,698402,9,7,9
17289481,6309 Barsac Pl,Rancho Cucamonga,CA,91737,557000,4,3,2200,1989,491600,8,7,9
17290439,6355 Twilight Pl,Rancho Cucamonga,CA,91737,580000,4,3,2765,1990,594903,8,7,9
17308474,11371 Pyramid Peak Ct,Rancho Cucamonga,CA,91737,475000,6,3,2359,1988,515715,9,10,9
17308503,11474 Tioga Peak Ct,Alta Loma,CA,91737,370500,3,2,1458,1987,383112,9,10,9
17594153,9758 Cinch Ring Ln,Alta Loma,CA,91737,730000,4,3,2777,1978,742915,9,7,9
17290552,6219 Sunnyhills Pl,Rancho Cucamonga,CA,91737,640000,5,3,3079,1990,610009,8,7,9
17594750,10777 Deer Canyon Dr,Rancho Cucamonga,CA,91737,825000,4,4,2808,1988,848533,8,7,9
17289761,6164 Granby Ave,Alta Loma,CA,91737,444000,3,2,1614,1977,444738,9,7,9
17595536,10405 Ring Ave,Alta Loma,CA,91737,365000,3,1,1393,1978,382396,9,7,9
17593899,10020 Almond St,Rancho Cucamonga,CA,91737,735000,4,3,2700,1984,785398,9,7,9
17590511,5523 Malachite Ave,Rancho Cucamonga,CA,91737,700000,4,3,2651,1980,702114,10,8,9
17289656,10033 Kingston St,Alta Loma,CA,91737,395000,4,2,1280,1976,415056,9,7,9
17594710,11009 Beechwood Dr,Alta Loma,CA,91737,770000,3,4,5440,1979,1048505,8,7,9
17288677,11000 Vicksburg Ct,Rancho Cucamonga,CA,91737,612500,3,2.5,2811,1990,616740,8,7,9
17289493,10769 Champagne Rd,Rancho Cucamonga,CA,91737,390000,4,2.5,1922,1989,467590,8,7,9
17288122,9731 Coca St,Rancho Cucamonga,CA,91737,42000,4,2,2536,1980,635642,9,7,9
64809733,10222 Jacaranda Ct,Alta Loma,CA,91737,1050000,4,4,4029,2004,1056544,9,7,9
